"datasetName","decimalLongitude","decimalLatitude","depth","scientificName","BO_bathymean","BO2_curvelmean_bdmax","BO2_dissoxltmax_bdmax","BO2_salinitymean_bdmax","BO2_tempmean_ss","BO_calcite","BO21_tempmean_bdmax"
"gbif",153.566667,-27.4,NA,"Paracanthurus hepatus",-41,0.411319375038147,211.71614074707,35.5620498657227,23.453031539917,0.000246999989030883,22.9215145111084
"gbif",153.628374,-28.611278,NA,"Paracanthurus hepatus",-16,0.465588241815567,217.718673706055,35.5450782775879,23.306812286377,0.000561000022571534,23.0483856201172
"gbif",39.367944,-4.656524,NA,"Paracanthurus hepatus",-8,0.765202760696411,210.23828125,35.1447715759277,27.257152557373,0.002125000115484,27.135347366333
"gbif",148.440796,-17.636875,NA,"Paracanthurus hepatus",-58,0.0276638343930244,213.634994506836,35.26025390625,26.4816246032715,7.00000018696301e-05,25.2409629821777
"gbif",122.000931,25.015492,NA,"Paracanthurus hepatus",-130,0.394714415073395,174.652160644531,34.6413269042969,25.1153202056885,0.000792999984696507,15.7553291320801
"gbif",39.307294,-6.353158,NA,"Paracanthurus hepatus",-13,0.75680536031723,210.315078735352,35.1163558959961,27.435661315918,0.00320499995723367,26.7161979675293
"gbif",118.86434,4.595825,NA,"Paracanthurus hepatus",-126,0.481099367141724,155.423095703125,34.6410522460938,29.0346527099609,0.00039999998989515,18.5035228729248
"gbif",147.699192,-18.287067,NA,"Paracanthurus hepatus",-799,0.0553791932761669,184.339721679688,34.4523277282715,26.4190483093262,5.50000004295725e-05,5.0772180557251
"gbif",144.10688,-13.64735,NA,"Paracanthurus hepatus",-44,0.161173567175865,210.904434204102,35.2478675842285,26.6196517944336,0.00991300027817488,25.6653537750244
"gbif",116.065861,-8.349668,NA,"Paracanthurus hepatus",-68,0.0398288555443287,116.022148132324,34.5070762634277,28.6058597564697,0.000161999996635132,10.5088748931885
"gbif",121.490278,22.680278,NA,"Paracanthurus hepatus",-353,0.0150900781154633,82.863151550293,34.3703765869141,27.1570110321045,7.79999973019585e-05,4.68796730041504
"gbif",153.579109,-28.196141,NA,"Paracanthurus hepatus",-11,0.52519828081131,222.817901611328,35.5009346008301,23.4114856719971,0.000419999996665865,23.7964630126953
"gbif",127.403891,26.189035,NA,"Paracanthurus hepatus",-18,0.0190070308744907,221.489181518555,34.6979866027832,25.3298816680908,9.30000023799948e-05,22.597749710083
"gbif",55.21915,-21.05823,18,"Paracanthurus hepatus",-17,0.0349890142679214,194.844772338867,35.5377540588379,26.0160045623779,0.000100999997812323,19.0015392303467
"gbif",130.555722,-2.244373,NA,"Paracanthurus hepatus",-52,0.0561526603996754,154.726699829102,34.6774635314941,28.76393699646,0.000153999993926845,23.1281261444092
"gbif",115.544423,-8.727807,NA,"Paracanthurus hepatus",-196,0.0802321955561638,139.774642944336,34.5151672363281,28.0395011901855,7.69999969634227e-05,15.5650987625122
"gbif",130.567717,-2.204717,NA,"Paracanthurus hepatus",-52,0.0561526603996754,154.726699829102,34.6774635314941,28.76393699646,0.000153999993926845,23.1281261444092
"gbif",153.26482,-30.20432,NA,"Paracanthurus hepatus",-54,0.532558977603912,214.80403137207,35.5704956054688,22.6649379730225,0.000241000001551583,22.2523441314697
"gbif",152.707481,-24.113638,NA,"Paracanthurus hepatus",-35,0.131456881761551,214.25471496582,35.4804916381836,24.3669967651367,0.00019399999291636,24.114278793335
"gbif",145.579965,15.022028,NA,"Paracanthurus hepatus",-717,0.00590332131832838,85.9150161743164,34.558837890625,28.8430824279785,4.99999987368938e-05,3.60652136802673
"gbif",39.382532,-5.816751,NA,"Paracanthurus hepatus",-20,0.542921006679535,161.343154907227,35.2669258117676,27.4194793701172,0.0370430015027523,18.1198902130127
"gbif",39.465298,-5.840112,NA,"Paracanthurus hepatus",-185,0.157079622149467,171.388610839844,34.8612098693848,27.4304485321045,0.000119999996968545,10.3567705154419
"gbif",128.521111,27.388889,NA,"Paracanthurus hepatus",-34,0.0247102323919535,166.171951293945,34.391284942627,24.7311267852783,5.90000017837156e-05,11.9599008560181
"gbif",152.70794,-24.116345,NA,"Paracanthurus hepatus",-35,0.131456881761551,214.25471496582,35.4804916381836,24.3669967651367,0.00019399999291636,24.114278793335
"gbif",179.110489,-17.076469,NA,"Paracanthurus hepatus",-492,0.00418761745095253,160.634017944336,34.5191764831543,27.3527488708496,0.00017699999443721,3.42849612236023
"gbif",179.109836,-17.077753,NA,"Paracanthurus hepatus",-492,0.00418761745095253,160.634017944336,34.5191764831543,27.3527488708496,0.00017699999443721,3.42849612236023
"gbif",105.668707,-10.423094,NA,"Paracanthurus hepatus",-490,0.00233455048874021,129.550720214844,34.7309532165527,28.0155086517334,6.29999994998798e-05,2.74258732795715
"gbif",153.389246,-29.927833,NA,"Paracanthurus hepatus",-41,0.531189799308777,217.190979003906,35.5721549987793,22.6473865509033,0.000358999997843057,22.8512344360352
"gbif",105.660447,-10.3931,NA,"Paracanthurus hepatus",-1168,0.00480632064864039,159.485595703125,34.7351837158203,28.0154476165771,7.30000028852373e-05,1.71201062202454
"gbif",119.529705,-8.481814,NA,"Paracanthurus hepatus",-57,0.0103750312700868,133.865447998047,34.5328941345215,28.2726917266846,9.69999964581802e-05,13.4914283752441
"gbif",158.200635,-8.612647,NA,"Paracanthurus hepatus",-351,0.00316298613324761,154.171783447266,34.5068702697754,29.4330959320068,0.000101999998150859,4.35035371780396
"gbif",124.737952,1.615687,NA,"Paracanthurus hepatus",-54,0.0206350218504667,125.429206848145,34.5335502624512,29.2531204223633,0.000140999996801838,6.98650455474854
"gbif",120.972905,13.522638,NA,"Paracanthurus hepatus",-228,0.00261686928570271,93.4624328613281,34.4183158874512,28.2411098480225,0.000146999998833053,8.54305934906006
"gbif",120.99116,13.51857,NA,"Paracanthurus hepatus",-228,0.00261686928570271,93.4624328613281,34.4183158874512,28.2411098480225,0.000146999998833053,8.54305934906006
"gbif",118.630011,4.116129,NA,"Paracanthurus hepatus",-318,0.00289310631342232,97.3544540405273,34.5640106201172,29.1497669219971,0.000459000002592802,3.3831148147583
"gbif",-176.461758,0.18688,20.7,"Paracanthurus hepatus",-1266,0.0107087651267648,138.112365722656,34.6700820922852,27.9900932312012,6.29999994998798e-05,1.52000331878662
"gbif",-176.620026,0.798243,5.45,"Paracanthurus hepatus",-1255,0.0118169747292995,142.657028198242,34.670036315918,28.0530223846436,0.00014299999747891,1.44761288166046
"gbif",153.629233,-28.611023,NA,"Paracanthurus hepatus",-16,0.465588241815567,217.718673706055,35.5450782775879,23.306812286377,0.000561000022571534,23.0483856201172
"gbif",-162.464716,6.384268,10.6,"Paracanthurus hepatus",-820,0.00229207519441843,97.6992034912109,34.6231498718262,28.0621242523193,0.000411999993957579,2.36200928688049
"gbif",145.996625,-16.428461,NA,"Paracanthurus hepatus",-44,0.0683255419135094,211.74609375,35.1076545715332,26.37571144104,0.000621000013779849,25.9352226257324
"gbif",128.557778,27.328333,20,"Paracanthurus hepatus",-396,0.00214522122405469,80.2267761230469,34.4581909179688,24.7618064880371,5.50000004295725e-05,2.78992462158203
"gbif",39.379703,-4.714799,NA,"Paracanthurus hepatus",-13,0.498891830444336,159.6611328125,35.2691917419434,27.2602157592773,0.00136400002520531,16.7903366088867
"gbif",179.940548,-16.767523,NA,"Paracanthurus hepatus",-31,0.0267550889402628,193.3388671875,35.7665138244629,27.5444355010986,0.000228000004426576,22.5752601623535
"gbif",35.08851,-21.15137,NA,"Paracanthurus hepatus",-4,0.17352083325386,225.647201538086,35.1520233154297,25.9809017181396,0.00427199993282557,26.6267890930176
"gbif",35.40329,-23.8176,NA,"Paracanthurus hepatus",-13,0.511831998825073,215.311614990234,35.3056716918945,25.5101642608643,0.00559099996462464,26.0263404846191
"gbif",153.391466,-29.929429,NA,"Paracanthurus hepatus",-41,0.531189799308777,217.190979003906,35.5721549987793,22.6473865509033,0.000358999997843057,22.8512344360352
"gbif",55.727806,-4.279653,NA,"Paracanthurus hepatus",-17,0.0474389269948006,207.577056884766,35.2688293457031,28.1740131378174,0.000292999990051612,27.5376033782959
"gbif",152.710228,-24.110377,NA,"Paracanthurus hepatus",-35,0.131456881761551,214.25471496582,35.4804916381836,24.3669967651367,0.00019399999291636,24.114278793335
"gbif",130.632815,-0.584608,NA,"Paracanthurus hepatus",-42,0.2016871124506,156.026153564453,35.1845169067383,29.0607891082764,0.000159000002895482,23.7829341888428
"gbif",178.985925,-17.575953,NA,"Paracanthurus hepatus",-460,0.00182786805089563,167.501693725586,34.4746437072754,27.2078380584717,0.00126000004820526,3.67754197120667
"gbif",145.568113,14.865178,13.5,"Paracanthurus hepatus",-396,0.016712598502636,79.816032409668,34.4919281005859,28.8681507110596,5.7000001106644e-05,5.30917882919312
"gbif",145.530071,14.838945,16.5,"Paracanthurus hepatus",-396,0.016712598502636,79.816032409668,34.4919281005859,28.8681507110596,5.7000001106644e-05,5.30917882919312
"gbif",145.530071,14.838945,15.4,"Paracanthurus hepatus",-396,0.016712598502636,79.816032409668,34.4919281005859,28.8681507110596,5.7000001106644e-05,5.30917882919312
"gbif",144.763832,13.282353,11.4,"Paracanthurus hepatus",-427,0.00599190825596452,87.8554458618164,34.5512313842773,28.9375801086426,5.60000007681083e-05,3.70258116722107
"gbif",145.791789,18.169705,23.7,"Paracanthurus hepatus",-1154,0.00231240852735937,113.56672668457,34.6169128417969,28.5848522186279,5.40000000910368e-05,1.95362448692322
"gbif",145.761289,18.090721,20.6,"Paracanthurus hepatus",-178,0.0115123400464654,79.4596481323242,34.4970054626465,28.5930118560791,5.40000000910368e-05,3.84923410415649
"gbif",145.791789,18.169705,24.4,"Paracanthurus hepatus",-1154,0.00231240852735937,113.56672668457,34.6169128417969,28.5848522186279,5.40000000910368e-05,1.95362448692322
"gbif",145.753687,18.144987,14.2,"Paracanthurus hepatus",-178,0.0115123400464654,79.4596481323242,34.4970054626465,28.5930118560791,5.40000000910368e-05,3.84923410415649
"gbif",145.168395,14.108882,24.85,"Paracanthurus hepatus",-144,0.00619332771748304,93.474983215332,34.5800552368164,28.9194831848145,4.99999987368938e-05,2.98346900939941
"gbif",145.285454,14.169204,9.7,"Paracanthurus hepatus",-567,0.010151470080018,86.7679901123047,34.5619277954102,28.9188213348389,4.99999987368938e-05,3.61934351921082
"gbif",145.792591,15.274841,9.2,"Paracanthurus hepatus",-318,0.0287358202040195,78.480712890625,34.442741394043,28.8253002166748,5.7000001106644e-05,5.78272199630737
"gbif",145.792591,15.274841,8.65,"Paracanthurus hepatus",-318,0.0287358202040195,78.480712890625,34.442741394043,28.8253002166748,5.7000001106644e-05,5.78272199630737
"gbif",145.656083,15.052066,12.8,"Paracanthurus hepatus",-7,0.0536191090941429,94.5984878540039,34.2960929870605,28.8377666473389,5.50000004295725e-05,7.72808837890625
"gbif",145.630367,14.927633,13.5,"Paracanthurus hepatus",-51,0.0419261790812016,83.1146545410156,34.299144744873,28.8550987243652,4.99999987368938e-05,6.89590167999268
"gbif",145.585532,15.010917,14.65,"Paracanthurus hepatus",-7,0.0536191090941429,94.5984878540039,34.2960929870605,28.8377666473389,5.50000004295725e-05,7.72808837890625
"gbif",145.630367,14.927633,12.7,"Paracanthurus hepatus",-51,0.0419261790812016,83.1146545410156,34.299144744873,28.8550987243652,4.99999987368938e-05,6.89590167999268
"gbif",145.285454,14.169204,9.3,"Paracanthurus hepatus",-567,0.010151470080018,86.7679901123047,34.5619277954102,28.9188213348389,4.99999987368938e-05,3.61934351921082
"gbif",145.703956,15.192456,4.8,"Paracanthurus hepatus",-10,0.114703252911568,180.865432739258,34.7487106323242,28.8277492523193,0.0218609999865294,17.8431625366211
"gbif",145.645735,14.924998,20.15,"Paracanthurus hepatus",-51,0.0419261790812016,83.1146545410156,34.299144744873,28.8550987243652,4.99999987368938e-05,6.89590167999268
"gbif",145.585532,15.010917,14.55,"Paracanthurus hepatus",-7,0.0536191090941429,94.5984878540039,34.2960929870605,28.8377666473389,5.50000004295725e-05,7.72808837890625
"gbif",32.679877,-27.535837,NA,"Paracanthurus hepatus",-123,0.300032734870911,206.881896972656,35.1733551025391,24.6747035980225,0.00011600000289036,11.2612543106079
"gbif",145.744785,18.093946,23.4,"Paracanthurus hepatus",-1153,0.00284524285234511,113.730125427246,34.6172065734863,28.5949172973633,5.09999990754295e-05,1.9561448097229
"gbif",145.705884,18.050178,21.3,"Paracanthurus hepatus",-540,0.00731240585446358,96.1977005004883,34.5774459838867,28.6049289703369,5.2999999752501e-05,2.55989837646484
"gbif",145.705884,18.050178,21.35,"Paracanthurus hepatus",-540,0.00731240585446358,96.1977005004883,34.5774459838867,28.6049289703369,5.2999999752501e-05,2.55989837646484
"gbif",145.726526,18.085108,12.25,"Paracanthurus hepatus",-1153,0.00284524285234511,113.730125427246,34.6172065734863,28.5949172973633,5.09999990754295e-05,1.9561448097229
"gbif",145.678863,15.13421,21,"Paracanthurus hepatus",-56,0.10210495442152,169.726974487305,34.5106735229492,28.828784942627,0.00541300000622869,13.4589519500732
"gbif",145.70275,15.111052,16.2,"Paracanthurus hepatus",-56,0.10210495442152,169.726974487305,34.5106735229492,28.828784942627,0.00541300000622869,13.4589519500732
"gbif",145.70275,15.111052,15.6,"Paracanthurus hepatus",-56,0.10210495442152,169.726974487305,34.5106735229492,28.828784942627,0.00541300000622869,13.4589519500732
"gbif",145.698973,15.113834,21.9,"Paracanthurus hepatus",-56,0.10210495442152,169.726974487305,34.5106735229492,28.828784942627,0.00541300000622869,13.4589519500732
"gbif",145.776382,16.7184,22.65,"Paracanthurus hepatus",-709,0.0152535969391465,92.7664031982422,34.5714836120605,28.7913417816162,5.80000014451798e-05,2.91222667694092
"gbif",141.474,25.752,NA,"Paracanthurus hepatus",-3051,0.00423076702281833,141.989395141602,34.6581726074219,25.4249782562256,5.7000001106644e-05,1.33978176116943
"gbif",150.718904,-2.75749,NA,"Paracanthurus hepatus",-542,0.000478496542200446,103.526626586914,34.6011276245117,29.8177680969238,0.000113000001874752,2.95236611366272
"gbif",120.913632,13.686601,NA,"Paracanthurus hepatus",-61,0.00505659868940711,106.97371673584,34.4092330932617,28.2231674194336,0.000155999994603917,9.92078495025635
"gbif",39.381621,-5.820478,NA,"Paracanthurus hepatus",-20,0.542921006679535,161.343154907227,35.2669258117676,27.4194793701172,0.0370430015027523,18.1198902130127
"gbif",118.633323,4.121438,NA,"Paracanthurus hepatus",-318,0.00289310631342232,97.3544540405273,34.5640106201172,29.1497669219971,0.000459000002592802,3.3831148147583
"gbif",55.27931,-21.17037,NA,"Paracanthurus hepatus",-27,0.000260083063039929,154.143829345703,34.6245346069336,25.9580516815186,5.80000014451798e-05,3.45318031311035
"gbif",55.27962,-21.20596,NA,"Paracanthurus hepatus",-27,0.000260083063039929,154.143829345703,34.6245346069336,25.9580516815186,5.80000014451798e-05,3.45318031311035
"gbif",55.27898,-21.20515,NA,"Paracanthurus hepatus",-27,0.000260083063039929,154.143829345703,34.6245346069336,25.9580516815186,5.80000014451798e-05,3.45318031311035
"gbif",55.21433,-21.03507,NA,"Paracanthurus hepatus",-17,0.0349890142679214,194.844772338867,35.5377540588379,26.0160045623779,0.000100999997812323,19.0015392303467
"gbif",55.29266,-21.2331,NA,"Paracanthurus hepatus",-27,0.000260083063039929,154.143829345703,34.6245346069336,25.9580516815186,5.80000014451798e-05,3.45318031311035
"gbif",55.22368,-21.07384,NA,"Paracanthurus hepatus",-17,0.0349890142679214,194.844772338867,35.5377540588379,26.0160045623779,0.000100999997812323,19.0015392303467
"gbif",55.30145,-21.23971,NA,"Paracanthurus hepatus",-27,0.000260083063039929,154.143829345703,34.6245346069336,25.9580516815186,5.80000014451798e-05,3.45318031311035
"gbif",130.64465,-2.26025,NA,"Paracanthurus hepatus",-87,0.0484854355454445,146.559432983398,34.6766967773438,28.7657737731934,0.00011600000289036,22.4526996612549
"gbif",130.623751,-2.249608,NA,"Paracanthurus hepatus",-54,0.0549252592027187,176.915512084961,34.5983963012695,28.7651290893555,0.000261999986832961,24.4067935943604
"gbif",-169.49334,-14.273857,9.1,"Paracanthurus hepatus",-838,0.00579171907156706,149.056167602539,34.661003112793,28.6703929901123,5.7000001106644e-05,1.7165333032608
"gbif",179.110488,-17.07647,NA,"Paracanthurus hepatus",-492,0.00418761745095253,160.634017944336,34.5191764831543,27.3527488708496,0.00017699999443721,3.42849612236023
"gbif",179.923538,-16.783458,NA,"Paracanthurus hepatus",-31,0.0267550889402628,193.3388671875,35.7665138244629,27.5444355010986,0.000228000004426576,22.5752601623535
"gbif",55.4686,-21.3495,NA,"Paracanthurus hepatus",-546,0.0024259234778583,152.202209472656,34.5650062561035,25.8593120574951,0.000128999992739409,4.4736795425415
"gbif",35.45493,-21.48439,NA,"Paracanthurus hepatus",-12,0.490438193082809,212.770294189453,35.1898536682129,26.0657806396484,0.000704000005498528,26.4258689880371
"gbif",146.028845,-16.657679,NA,"Paracanthurus hepatus",-26,0.073484294116497,211.902877807617,35.1161689758301,26.3503456115723,0.00817300006747246,26.0560493469238
"gbif",152.908466,-25.288066,NA,"Paracanthurus hepatus",-9,0.108773976564407,228.427581787109,35.307731628418,23.2381610870361,0.0165320001542568,23.6862506866455
"gbif",130.1525,30.487778,NA,"Paracanthurus hepatus",-400,0.0383745692670345,107.549949645996,34.3359489440918,24.3228435516357,7.20000025467016e-05,5.73563289642334
"gbif",35.50786,-21.31902,NA,"Paracanthurus hepatus",-61,0.472982287406921,161.713165283203,35.3274345397949,26.1684761047363,0.000163999997312203,17.9141120910645
"gbif",124.090481,24.306446,NA,"Paracanthurus hepatus",-7,0.0172453392297029,211.701065063477,34.7658653259277,26.2025127410889,0.00697800004854798,22.0571994781494
"gbif",55.865689,-4.321165,NA,"Paracanthurus hepatus",-27,0.137042865157127,204.048706054688,35.2773780822754,28.202844619751,0.000197000001207925,25.4034061431885
"gbif",179.10468,-17.06842,NA,"Paracanthurus hepatus",-492,0.00418761745095253,160.634017944336,34.5191764831543,27.3527488708496,0.00017699999443721,3.42849612236023
"gbif",119.572515,-8.689442,NA,"Paracanthurus hepatus",-107,0.00848073791712523,128.17024230957,34.5256233215332,27.8885726928711,0.000105999999505002,11.3066740036011
"gbif",-178.174,-14.2359,8.75,"Paracanthurus hepatus",-1294,0.00296561792492867,143.064331054688,34.6287612915039,28.6978435516357,6.50000001769513e-05,2.03476595878601
"gbif",-178.174,-14.2359,1.25,"Paracanthurus hepatus",-1294,0.00296561792492867,143.064331054688,34.6287612915039,28.6978435516357,6.50000001769513e-05,2.03476595878601
"gbif",55.65609,-21.36669,NA,"Paracanthurus hepatus",-32,0.00481458473950624,156.958801269531,34.5653457641602,25.7964706420898,0.000144999998155981,5.03314733505249
"gbif",55.68264,-21.37132,NA,"Paracanthurus hepatus",-169,0.00376626034267247,152.904586791992,34.5934181213379,25.8044128417969,0.000106999999843538,3.94903635978699
"gbif",55.73661,-21.37035,NA,"Paracanthurus hepatus",-169,0.00376626034267247,152.904586791992,34.5934181213379,25.8044128417969,0.000106999999843538,3.94903635978699
"gbif",126.788447,26.29118,NA,"Paracanthurus hepatus",-74,0.0756452605128288,158.854064941406,34.3537101745605,25.5622501373291,7.50000035623088e-05,11.4763526916504
"gbif",-157.427812,1.872135,NA,"Paracanthurus hepatus",-51,0.137459546327591,136.644683837891,34.802619934082,27.1713085174561,0.0151779996231198,12.197774887085
"gbif",-176.46102,0.187242,23,"Paracanthurus hepatus",-1266,0.0107087651267648,138.112365722656,34.6700820922852,27.9900932312012,6.29999994998798e-05,1.52000331878662
"gbif",-176.457306,0.19031,19.2,"Paracanthurus hepatus",-1266,0.0107087651267648,138.112365722656,34.6700820922852,27.9900932312012,6.29999994998798e-05,1.52000331878662
"gbif",-176.46102,0.187242,21,"Paracanthurus hepatus",-1266,0.0107087651267648,138.112365722656,34.6700820922852,27.9900932312012,6.29999994998798e-05,1.52000331878662
"gbif",-176.457306,0.19031,18.95,"Paracanthurus hepatus",-1266,0.0107087651267648,138.112365722656,34.6700820922852,27.9900932312012,6.29999994998798e-05,1.52000331878662
"gbif",-176.488864,0.191557,6.85,"Paracanthurus hepatus",-1266,0.0107087651267648,138.112365722656,34.6700820922852,27.9900932312012,6.29999994998798e-05,1.52000331878662
"gbif",-176.488864,0.191557,6.35,"Paracanthurus hepatus",-1266,0.0107087651267648,138.112365722656,34.6700820922852,27.9900932312012,6.29999994998798e-05,1.52000331878662
"gbif",-176.626782,0.822466,15.95,"Paracanthurus hepatus",-1255,0.0118169747292995,142.657028198242,34.670036315918,28.0530223846436,0.00014299999747891,1.44761288166046
"gbif",-176.626714,0.820899,13.5,"Paracanthurus hepatus",-1255,0.0118169747292995,142.657028198242,34.670036315918,28.0530223846436,0.00014299999747891,1.44761288166046
"gbif",179.108129,-17.116486,NA,"Paracanthurus hepatus",-103,0.0114769088104367,192.630615234375,34.6340408325195,27.3385162353516,0.00102299998980016,10.3119974136353
"gbif",179.105897,-17.070283,NA,"Paracanthurus hepatus",-492,0.00418761745095253,160.634017944336,34.5191764831543,27.3527488708496,0.00017699999443721,3.42849612236023
"gbif",179.098605,-17.062497,NA,"Paracanthurus hepatus",-492,0.00418761745095253,160.634017944336,34.5191764831543,27.3527488708496,0.00017699999443721,3.42849612236023
"gbif",-169.610598,-14.151863,17.8,"Paracanthurus hepatus",-927,0.00633694790303707,146.273498535156,34.635425567627,28.7059020996094,5.90000017837156e-05,1.93169808387756
"gbif",-169.610598,-14.151863,18,"Paracanthurus hepatus",-927,0.00633694790303707,146.273498535156,34.635425567627,28.7059020996094,5.90000017837156e-05,1.93169808387756
"gbif",-169.519542,-14.224068,9,"Paracanthurus hepatus",-510,0.00494755944237113,140.278533935547,34.5597038269043,28.6998615264893,6.29999994998798e-05,2.96839666366577
"gbif",-170.548823,-14.278573,8.5,"Paracanthurus hepatus",-576,0.00690127396956086,143.641693115234,34.6118698120117,28.6872043609619,7.79999973019585e-05,2.24068403244019
"gbif",-170.547391,-14.27903,13,"Paracanthurus hepatus",-576,0.00690127396956086,143.641693115234,34.6118698120117,28.6872043609619,7.79999973019585e-05,2.24068403244019
"gbif",-170.548823,-14.278573,9.7,"Paracanthurus hepatus",-576,0.00690127396956086,143.641693115234,34.6118698120117,28.6872043609619,7.79999973019585e-05,2.24068403244019
"gbif",-170.67885,-14.241373,9.4,"Paracanthurus hepatus",-962,0.00462556537240744,145.805450439453,34.6353569030762,28.725923538208,6.09999988228083e-05,1.9252542257309
"gbif",-170.67885,-14.241373,9.3,"Paracanthurus hepatus",-962,0.00462556537240744,145.805450439453,34.6353569030762,28.725923538208,6.09999988228083e-05,1.9252542257309
"gbif",-170.545478,-14.28521,9.5,"Paracanthurus hepatus",-576,0.00690127396956086,143.641693115234,34.6118698120117,28.6872043609619,7.79999973019585e-05,2.24068403244019
"gbif",-170.505099,-14.273254,22.2,"Paracanthurus hepatus",-576,0.00690127396956086,143.641693115234,34.6118698120117,28.6872043609619,7.79999973019585e-05,2.24068403244019
"gbif",35.42359,-21.66001,NA,"Paracanthurus hepatus",-2,0.553820848464966,209.270278930664,35.2259216308594,26.069019317627,0.00589499995112419,25.5760364532471
"gbif",35.38154,-21.99125,NA,"Paracanthurus hepatus",-7,0.529675185680389,215.511505126953,35.2159080505371,26.018726348877,0.0232510007917881,26.4746112823486
"gbif",-162.426737,6.382461,9.9,"Paracanthurus hepatus",-820,0.00229207519441843,97.6992034912109,34.6231498718262,28.0621242523193,0.000411999993957579,2.36200928688049
"gbif",-162.426737,6.382461,9.6,"Paracanthurus hepatus",-820,0.00229207519441843,97.6992034912109,34.6231498718262,28.0621242523193,0.000411999993957579,2.36200928688049
"gbif",32.6867,-27.532,NA,"Paracanthurus hepatus",-123,0.300032734870911,206.881896972656,35.1733551025391,24.6747035980225,0.00011600000289036,11.2612543106079
"gbif",123.796692,24.436835,NA,"Paracanthurus hepatus",-50,0.0587904751300812,152.674942016602,34.2863922119141,26.2949256896973,0.000155000001541339,9.96255683898926
"gbif",132.747261,-5.61126,NA,"Paracanthurus hepatus",-6,0.0191351193934679,208.757400512695,34.367057800293,28.1523418426514,0.0116290003061295,26.6425876617432
"gbif",32.6854,-27.5259,NA,"Paracanthurus hepatus",-123,0.300032734870911,206.881896972656,35.1733551025391,24.6747035980225,0.00011600000289036,11.2612543106079
"gbif",147.1076,-15.4843,NA,"Paracanthurus hepatus",-978,0.00321035995148122,148.526824951172,34.5292129516602,27.018440246582,0.00387299992144108,3.38317656517029
"gbif",119.60195,-8.537167,NA,"Paracanthurus hepatus",-35,0.0289411023259163,142.490234375,34.5243797302246,28.0463581085205,0.00260500004515052,16.1911525726318
"gbif",119.556533,-8.4756,NA,"Paracanthurus hepatus",-57,0.0103750312700868,133.865447998047,34.5328941345215,28.2726917266846,9.69999964581802e-05,13.4914283752441
"gbif",131.6519,-4.53,NA,"Paracanthurus hepatus",-249,0.000934318522922695,93.4504165649414,34.5910835266113,28.3143653869629,0.000101999998150859,5.71787357330322
"gbif",131.9969,-5.3044,NA,"Paracanthurus hepatus",-548,0.000886362919118255,91.317008972168,34.6091156005859,28.2475872039795,0.000128999992739409,2.94581651687622
"gbif",122.963611,24.4725,15,"Paracanthurus hepatus",-144,0.148279815912247,153.604522705078,34.3275680541992,26.7124500274658,6.50000001769513e-05,10.3715000152588
"gbif",45.27593,-12.87284,NA,"Paracanthurus hepatus",-216,0.0229444578289986,104.988563537598,34.782112121582,27.7458667755127,0.00122800003737211,5.60565614700317
"gbif",45.05137,-12.67296,NA,"Paracanthurus hepatus",-22,0.1670191437006,213.579940795898,35.0272674560547,27.7000904083252,0.000552000012248755,25.8974113464355
"gbif",39.374882,-4.714922,NA,"Paracanthurus hepatus",-13,0.498891830444336,159.6611328125,35.2691917419434,27.2602157592773,0.00136400002520531,16.7903366088867
"gbif",55.2341,-21.01554,NA,"Paracanthurus hepatus",-17,0.0349890142679214,194.844772338867,35.5377540588379,26.0160045623779,0.000100999997812323,19.0015392303467
"gbif",55.23405,-21.015,NA,"Paracanthurus hepatus",-17,0.0349890142679214,194.844772338867,35.5377540588379,26.0160045623779,0.000100999997812323,19.0015392303467
"gbif",134.218838,6.9869,NA,"Paracanthurus hepatus",-219,0.0473974607884884,106.927085876465,34.5300903320312,29.2278251647949,7.00000018696301e-05,5.15351104736328
"gbif",134.220942,7.134422,NA,"Paracanthurus hepatus",-366,0.0365134663879871,102.565338134766,34.5599784851074,29.2167625427246,0.000490000005811453,4.26943111419678
"gbif",32.68732,-27.52085,NA,"Paracanthurus hepatus",-123,0.300032734870911,206.881896972656,35.1733551025391,24.6747035980225,0.00011600000289036,11.2612543106079
"gbif",32.686,-27.5231,NA,"Paracanthurus hepatus",-123,0.300032734870911,206.881896972656,35.1733551025391,24.6747035980225,0.00011600000289036,11.2612543106079
"gbif",-179.056439,-17.408093,NA,"Paracanthurus hepatus",-398,0.0293562710285187,196.135116577148,34.4113540649414,27.530309677124,6.09999988228083e-05,6.52672863006592
"gbif",55.21915,-21.05823,NA,"Paracanthurus hepatus",-17,0.0349890142679214,194.844772338867,35.5377540588379,26.0160045623779,0.000100999997812323,19.0015392303467
"gbif",145.565911,14.84366,22,"Paracanthurus hepatus",-396,0.016712598502636,79.816032409668,34.4919281005859,28.8681507110596,5.7000001106644e-05,5.30917882919312
"gbif",145.811546,18.149654,21.95,"Paracanthurus hepatus",-178,0.0115123400464654,79.4596481323242,34.4970054626465,28.5930118560791,5.40000000910368e-05,3.84923410415649
"gbif",145.260899,14.201462,11.2,"Paracanthurus hepatus",-567,0.010151470080018,86.7679901123047,34.5619277954102,28.9188213348389,4.99999987368938e-05,3.61934351921082
"gbif",145.785108,15.269845,21.2,"Paracanthurus hepatus",-318,0.0287358202040195,78.480712890625,34.442741394043,28.8253002166748,5.7000001106644e-05,5.78272199630737
"gbif",145.828885,15.261225,15.6,"Paracanthurus hepatus",-318,0.0287358202040195,78.480712890625,34.442741394043,28.8253002166748,5.7000001106644e-05,5.78272199630737
"gbif",145.829709,15.275189,21.5,"Paracanthurus hepatus",-318,0.0287358202040195,78.480712890625,34.442741394043,28.8253002166748,5.7000001106644e-05,5.78272199630737
"gbif",145.831907,15.268836,19.4,"Paracanthurus hepatus",-318,0.0287358202040195,78.480712890625,34.442741394043,28.8253002166748,5.7000001106644e-05,5.78272199630737
"gbif",145.831907,15.268836,20,"Paracanthurus hepatus",-318,0.0287358202040195,78.480712890625,34.442741394043,28.8253002166748,5.7000001106644e-05,5.78272199630737
"gbif",145.814629,15.256714,5.3,"Paracanthurus hepatus",-318,0.0287358202040195,78.480712890625,34.442741394043,28.8253002166748,5.7000001106644e-05,5.78272199630737
"gbif",145.80272,15.282955,15.4,"Paracanthurus hepatus",-318,0.0287358202040195,78.480712890625,34.442741394043,28.8253002166748,5.7000001106644e-05,5.78272199630737
"gbif",145.793544,15.275694,20,"Paracanthurus hepatus",-318,0.0287358202040195,78.480712890625,34.442741394043,28.8253002166748,5.7000001106644e-05,5.78272199630737
"gbif",145.696294,15.116363,8.8,"Paracanthurus hepatus",-56,0.10210495442152,169.726974487305,34.5106735229492,28.828784942627,0.00541300000622869,13.4589519500732
"gbif",145.651723,14.934944,15,"Paracanthurus hepatus",-51,0.0419261790812016,83.1146545410156,34.299144744873,28.8550987243652,4.99999987368938e-05,6.89590167999268
"gbif",145.651723,14.934944,17.05,"Paracanthurus hepatus",-51,0.0419261790812016,83.1146545410156,34.299144744873,28.8550987243652,4.99999987368938e-05,6.89590167999268
"gbif",145.260899,14.201462,11.6,"Paracanthurus hepatus",-567,0.010151470080018,86.7679901123047,34.5619277954102,28.9188213348389,4.99999987368938e-05,3.61934351921082
"gbif",145.827313,15.276654,9.7,"Paracanthurus hepatus",-318,0.0287358202040195,78.480712890625,34.442741394043,28.8253002166748,5.7000001106644e-05,5.78272199630737
"gbif",145.827313,15.276654,9.6,"Paracanthurus hepatus",-318,0.0287358202040195,78.480712890625,34.442741394043,28.8253002166748,5.7000001106644e-05,5.78272199630737
"gbif",145.800695,15.281291,11,"Paracanthurus hepatus",-318,0.0287358202040195,78.480712890625,34.442741394043,28.8253002166748,5.7000001106644e-05,5.78272199630737
"gbif",145.814629,15.256714,5.5,"Paracanthurus hepatus",-318,0.0287358202040195,78.480712890625,34.442741394043,28.8253002166748,5.7000001106644e-05,5.78272199630737
"gbif",145.696294,15.116363,7.2,"Paracanthurus hepatus",-56,0.10210495442152,169.726974487305,34.5106735229492,28.828784942627,0.00541300000622869,13.4589519500732
"gbif",145.674234,15.003307,21.6,"Paracanthurus hepatus",-485,0.00865565426647663,81.5205993652344,34.5155601501465,28.8352317810059,5.09999990754295e-05,4.4361047744751
"gbif",55.867957,-4.292379,NA,"Paracanthurus hepatus",-27,0.137042865157127,204.048706054688,35.2773780822754,28.202844619751,0.000197000001207925,25.4034061431885
"gbif",119.711425,-8.636633,NA,"Paracanthurus hepatus",-6,0.0246276278048754,210.222854614258,34.2104721069336,27.9585285186768,0.000236000007134862,25.7587471008301
"gbif",145.813721,17.591924,19.5,"Paracanthurus hepatus",-1055,0.00388707173988223,113.491348266602,34.618278503418,28.6848621368408,4.99999987368938e-05,1.97326266765594
"gbif",151.982417,-23.322967,NA,"Paracanthurus hepatus",-33,0.0224181022495031,219.549728393555,35.4092788696289,24.2582511901855,0.00283399992622435,24.3453216552734
"gbif",152.430167,-23.890883,NA,"Paracanthurus hepatus",-51,0.0336970537900925,212.976913452148,35.4700241088867,24.4035625457764,9.20000020414591e-05,23.763053894043
"gbif",116.051098,-8.349183,NA,"Paracanthurus hepatus",-68,0.0398288555443287,116.022148132324,34.5070762634277,28.6058597564697,0.000161999996635132,10.5088748931885
"gbif",115.5945,-8.2773,NA,"Paracanthurus hepatus",-250,0.0122753232717514,89.3017272949219,34.6296424865723,28.5633068084717,7.40000032237731e-05,4.48020696640015
"gbif",144.643855,13.230371,11.4,"Paracanthurus hepatus",-1131,0.0016950445715338,106.863349914551,34.610034942627,28.9535846710205,7.30000028852373e-05,2.29246115684509
"gbif",144.643855,13.230371,12,"Paracanthurus hepatus",-1131,0.0016950445715338,106.863349914551,34.610034942627,28.9535846710205,7.30000028852373e-05,2.29246115684509
"gbif",157.992092,-8.5054,NA,"Paracanthurus hepatus",-38,0.057408981025219,200.345504760742,34.6945724487305,29.4224662780762,0.00134600000455976,29.2623500823975
"gbif",152.714019,-24.11288,NA,"Paracanthurus hepatus",-35,0.131456881761551,214.25471496582,35.4804916381836,24.3669967651367,0.00019399999291636,24.114278793335
"gbif",145.588333,-14.529133,NA,"Paracanthurus hepatus",-612,0.00223114294931293,137.50520324707,34.5912857055664,26.7257251739502,0.00188400002662092,2.81486821174622
"gbif",55.83662,-21.16069,NA,"Paracanthurus hepatus",-1564,0.00446612434461713,169.476226806641,34.7357788085938,25.8487434387207,0.000103999998827931,2.01091861724854
"gbif",159.0539,-29.4475,NA,"Paracanthurus hepatus",-258,0.00285546947270632,191.239288330078,34.460262298584,22.2318592071533,0.0162659995257854,5.19630479812622
"gbif",145.438106,-14.681537,NA,"Paracanthurus hepatus",-19,0.115712583065033,210.313735961914,34.9532318115234,26.4507179260254,0.000844000023789704,26.4454860687256
"gbif",32.688,-27.5299,NA,"Paracanthurus hepatus",-123,0.300032734870911,206.881896972656,35.1733551025391,24.6747035980225,0.00011600000289036,11.2612543106079
"gbif",32.678787,-27.538681,NA,"Paracanthurus hepatus",-123,0.300032734870911,206.881896972656,35.1733551025391,24.6747035980225,0.00011600000289036,11.2612543106079
"gbif",71.252283,-6.456933,NA,"Paracanthurus hepatus",-17,0.0535604506731033,104.28148651123,35.0269203186035,28.3650302886963,0.000302000000374392,13.1664905548096
"gbif",153.3898,-29.9304,NA,"Paracanthurus hepatus",-41,0.531189799308777,217.190979003906,35.5721549987793,22.6473865509033,0.000358999997843057,22.8512344360352
"gbif",153.2658,-30.2023,NA,"Paracanthurus hepatus",-54,0.532558977603912,214.80403137207,35.5704956054688,22.6649379730225,0.000241000001551583,22.2523441314697
"gbif",73.45,5.55,NA,"Paracanthurus hepatus",-60,0.0589091628789902,48.9560928344727,35.1290245056152,28.8811855316162,0.00906699988991022,12.1738204956055
"gbif",155.5672,-23.2479,NA,"Paracanthurus hepatus",-43,0.0256004855036736,185.750411987305,35.6300315856934,24.7415256500244,0.000531999976374209,20.1509342193604
"gbif",153.5212,-21.8517,NA,"Paracanthurus hepatus",-42,0.157451346516609,176.298706054688,35.5909271240234,25.7129077911377,0.00022299999545794,20.4683036804199
"gbif",153.5376,-21.8973,NA,"Paracanthurus hepatus",-42,0.157451346516609,176.298706054688,35.5909271240234,25.7129077911377,0.00022299999545794,20.4683036804199
"gbif",155.7636,-21.248,NA,"Paracanthurus hepatus",-68,0.00864155869930983,184.509033203125,35.4978942871094,25.3008251190186,0.00377000006847084,16.3542747497559
"gbif",154.3453,-20.9767,NA,"Paracanthurus hepatus",-175,0.0211137644946575,203.368438720703,34.5862464904785,25.5927715301514,0.000614000018686056,8.82947635650635
"gbif",148.5035,-17.8275,NA,"Paracanthurus hepatus",-729,0.0411737337708473,177.918975830078,34.4523468017578,26.4451866149902,5.60000007681083e-05,4.61096954345703
"gbif",149.9904,-16.9316,NA,"Paracanthurus hepatus",-293,0.0272013451904058,191.120269775391,34.6993408203125,26.6781673431396,9.20000020414591e-05,11.1416759490967
"gbif",123.0039,-12.217,NA,"Paracanthurus hepatus",-17,0.0357971414923668,159.248489379883,34.4809226989746,28.6327991485596,0.0323899984359741,20.877799987793
"gbif",55.54613,-21.37126,NA,"Paracanthurus hepatus",-246,0.00287981540895998,152.512237548828,34.563793182373,25.8398208618164,0.000138000003062189,4.46560049057007
"gbif",55.54547,-21.372,NA,"Paracanthurus hepatus",-246,0.00287981540895998,152.512237548828,34.563793182373,25.8398208618164,0.000138000003062189,4.46560049057007
"gbif",55.5304,-21.36521,NA,"Paracanthurus hepatus",-246,0.00287981540895998,152.512237548828,34.563793182373,25.8398208618164,0.000138000003062189,4.46560049057007
"gbif",179.099206,-17.092612,NA,"Paracanthurus hepatus",-103,0.0114769088104367,192.630615234375,34.6340408325195,27.3385162353516,0.00102299998980016,10.3119974136353
"gbif",179.125162,-17.100688,NA,"Paracanthurus hepatus",-103,0.0114769088104367,192.630615234375,34.6340408325195,27.3385162353516,0.00102299998980016,10.3119974136353
"gbif",-176.486644,0.194956,7,"Paracanthurus hepatus",-1266,0.0107087651267648,138.112365722656,34.6700820922852,27.9900932312012,6.29999994998798e-05,1.52000331878662
"gbif",-176.486695,0.19548,12.5,"Paracanthurus hepatus",-1266,0.0107087651267648,138.112365722656,34.6700820922852,27.9900932312012,6.29999994998798e-05,1.52000331878662
"gbif",-176.488814,0.190741,10,"Paracanthurus hepatus",-1266,0.0107087651267648,138.112365722656,34.6700820922852,27.9900932312012,6.29999994998798e-05,1.52000331878662
"gbif",145.581983,-14.523517,NA,"Paracanthurus hepatus",-43,0.246710762381554,193.650024414062,34.6383476257324,26.6576709747314,0.00184000004082918,8.79826641082764
"gbif",32.6809,-27.5333,NA,"Paracanthurus hepatus",-123,0.300032734870911,206.881896972656,35.1733551025391,24.6747035980225,0.00011600000289036,11.2612543106079
"gbif",32.6844,-27.5249,NA,"Paracanthurus hepatus",-123,0.300032734870911,206.881896972656,35.1733551025391,24.6747035980225,0.00011600000289036,11.2612543106079
"gbif",96.877649,-12.085451,NA,"Paracanthurus hepatus",-65,0.0206988342106342,98.2937240600586,34.644157409668,27.7579479217529,0.0192610006779432,5.75751066207886
"gbif",152.718298,-24.11153,NA,"Paracanthurus hepatus",-35,0.131456881761551,214.25471496582,35.4804916381836,24.3669967651367,0.00019399999291636,24.114278793335
"gbif",145.409142,19.675859,12,"Paracanthurus hepatus",-873,0.00580184767022729,113.804733276367,34.613899230957,28.2555351257324,4.99999987368938e-05,1.90208518505096
"gbif",145.705524,18.049572,20,"Paracanthurus hepatus",-540,0.00731240585446358,96.1977005004883,34.5774459838867,28.6049289703369,5.2999999752501e-05,2.55989837646484
"gbif",145.701895,15.110629,23,"Paracanthurus hepatus",-56,0.10210495442152,169.726974487305,34.5106735229492,28.828784942627,0.00541300000622869,13.4589519500732
"gbif",145.767186,16.710502,21,"Paracanthurus hepatus",-709,0.0152535969391465,92.7664031982422,34.5714836120605,28.7913417816162,5.80000014451798e-05,2.91222667694092
"gbif",145.720234,15.105225,22,"Paracanthurus hepatus",-56,0.10210495442152,169.726974487305,34.5106735229492,28.828784942627,0.00541300000622869,13.4589519500732
"gbif",145.750224,15.091283,25.7,"Paracanthurus hepatus",-616,0.00937179010361433,92.6338348388672,34.577320098877,28.8307456970215,5.40000000910368e-05,2.96529221534729
"gbif",145.619424,14.952465,27,"Paracanthurus hepatus",-51,0.0419261790812016,83.1146545410156,34.299144744873,28.8550987243652,4.99999987368938e-05,6.89590167999268
"gbif",145.723408,15.255971,12.5,"Paracanthurus hepatus",-488,0.0238305293023586,78.9462203979492,34.441593170166,28.8238410949707,0.000114000002213288,5.32387781143188
"gbif",145.630041,14.931544,11,"Paracanthurus hepatus",-51,0.0419261790812016,83.1146545410156,34.299144744873,28.8550987243652,4.99999987368938e-05,6.89590167999268
"gbif",145.630041,14.931544,12,"Paracanthurus hepatus",-51,0.0419261790812016,83.1146545410156,34.299144744873,28.8550987243652,4.99999987368938e-05,6.89590167999268
"gbif",145.580049,14.864917,20,"Paracanthurus hepatus",-396,0.016712598502636,79.816032409668,34.4919281005859,28.8681507110596,5.7000001106644e-05,5.30917882919312
"gbif",145.56905,14.847157,13,"Paracanthurus hepatus",-396,0.016712598502636,79.816032409668,34.4919281005859,28.8681507110596,5.7000001106644e-05,5.30917882919312
"gbif",145.658422,15.077733,13,"Paracanthurus hepatus",-7,0.0536191090941429,94.5984878540039,34.2960929870605,28.8377666473389,5.50000004295725e-05,7.72808837890625
"gbif",145.656101,15.069572,12,"Paracanthurus hepatus",-7,0.0536191090941429,94.5984878540039,34.2960929870605,28.8377666473389,5.50000004295725e-05,7.72808837890625
"gbif",145.65793,15.086594,20,"Paracanthurus hepatus",-374,0.0263790972530842,78.8712997436523,34.4467277526855,28.8094253540039,6.90000015310943e-05,5.77683639526367
"gbif",145.597205,15.055609,21,"Paracanthurus hepatus",-7,0.0536191090941429,94.5984878540039,34.2960929870605,28.8377666473389,5.50000004295725e-05,7.72808837890625
"gbif",153.3881,-29.9231,NA,"Paracanthurus hepatus",-41,0.531189799308777,217.190979003906,35.5721549987793,22.6473865509033,0.000358999997843057,22.8512344360352
"gbif",153.2692,-30.0176,NA,"Paracanthurus hepatus",-38,0.491000413894653,218.472885131836,35.5366477966309,22.615406036377,0.000524999981280416,22.9789295196533
"gbif",152.302933,-23.796683,NA,"Paracanthurus hepatus",-37,0.025660552084446,216.61376953125,35.4175071716309,24.2861213684082,0.00315700005739927,24.2475967407227
"gbif",152.38175,-23.848667,NA,"Paracanthurus hepatus",-30,0.0337724164128304,216.449264526367,35.4186363220215,24.3234024047852,0.00673699984326959,24.2652168273926
"gbif",152.2825,-23.745917,NA,"Paracanthurus hepatus",-53,0.0222818497568369,216.567886352539,35.4167213439941,24.4355030059814,0.000346999993780628,24.2479667663574
"gbif",55.83,-21.15,NA,"Paracanthurus hepatus",-136,0.00342151895165443,158.202239990234,34.6584739685059,25.8686008453369,0.000146999998833053,3.05759787559509
"gbif",55.82176,-21.1469,NA,"Paracanthurus hepatus",-136,0.00342151895165443,158.202239990234,34.6584739685059,25.8686008453369,0.000146999998833053,3.05759787559509
"gbif",36.328,-18.846,NA,"Paracanthurus hepatus",-1,0.0789936035871506,220.467849731445,35.0057220458984,26.4753532409668,0.0281709991395473,26.5669460296631
"gbif",-176.47949,0.20655,22,"Paracanthurus hepatus",-1266,0.0107087651267648,138.112365722656,34.6700820922852,27.9900932312012,6.29999994998798e-05,1.52000331878662
"gbif",-176.45685,0.19029,19,"Paracanthurus hepatus",-1266,0.0107087651267648,138.112365722656,34.6700820922852,27.9900932312012,6.29999994998798e-05,1.52000331878662
"gbif",-176.47949,0.20655,21,"Paracanthurus hepatus",-1266,0.0107087651267648,138.112365722656,34.6700820922852,27.9900932312012,6.29999994998798e-05,1.52000331878662
"gbif",-176.45694,0.19311,23,"Paracanthurus hepatus",-1266,0.0107087651267648,138.112365722656,34.6700820922852,27.9900932312012,6.29999994998798e-05,1.52000331878662
"gbif",145.4505,-14.6528,NA,"Paracanthurus hepatus",-21,0.121838942170143,210.380065917969,34.9488220214844,26.5167846679688,0.000338000012561679,26.547492980957
"gbif",145.4505,-14.65277,NA,"Paracanthurus hepatus",-21,0.121838942170143,210.380065917969,34.9488220214844,26.5167846679688,0.000338000012561679,26.547492980957
"gbif",153.6283,-28.611,NA,"Paracanthurus hepatus",-16,0.465588241815567,217.718673706055,35.5450782775879,23.306812286377,0.000561000022571534,23.0483856201172
"gbif",153.5252,-27.4135,NA,"Paracanthurus hepatus",-41,0.411319375038147,211.71614074707,35.5620498657227,23.453031539917,0.000246999989030883,22.9215145111084
"gbif",153.62831,-28.611,NA,"Paracanthurus hepatus",-16,0.465588241815567,217.718673706055,35.5450782775879,23.306812286377,0.000561000022571534,23.0483856201172
"gbif",153.52519,-27.41351,NA,"Paracanthurus hepatus",-41,0.411319375038147,211.71614074707,35.5620498657227,23.453031539917,0.000246999989030883,22.9215145111084
"gbif",166.44206,-22.4981,33,"Paracanthurus hepatus",-20,0.00741693936288357,188.48518371582,35.602237701416,24.5062065124512,0.00288300006650388,17.9823398590088
"gbif",105.6681,-10.4296,NA,"Paracanthurus hepatus",-490,0.00233455048874021,129.550720214844,34.7309532165527,28.0155086517334,6.29999994998798e-05,2.74258732795715
"gbif",105.6658,-10.4281,NA,"Paracanthurus hepatus",-98,0.0888318195939064,125.728286743164,34.5807647705078,28.0165901184082,6.6000000515487e-05,17.3004207611084
"gbif",118.243618,2.285408,NA,"Paracanthurus hepatus",-24,0.602120101451874,190.611679077148,34.5815086364746,29.1636905670166,0.0341509990394115,24.8219165802002
"gbif",55.865852,-4.313293,NA,"Paracanthurus hepatus",-27,0.137042865157127,204.048706054688,35.2773780822754,28.202844619751,0.000197000001207925,25.4034061431885
"gbif",95.2688,5.8646,NA,"Paracanthurus hepatus",-60,0.0106624439358711,41.1338691711426,35.0073280334473,29.2765922546387,8.80000006873161e-05,9.50640964508057
"gbif",153.38984,-29.93044,NA,"Paracanthurus hepatus",-41,0.531189799308777,217.190979003906,35.5721549987793,22.6473865509033,0.000358999997843057,22.8512344360352
"gbif",153.266047,-30.206662,NA,"Paracanthurus hepatus",-54,0.532558977603912,214.80403137207,35.5704956054688,22.6649379730225,0.000241000001551583,22.2523441314697
"gbif",145.79122,15.27353,10,"Paracanthurus hepatus",-318,0.0287358202040195,78.480712890625,34.442741394043,28.8253002166748,5.7000001106644e-05,5.78272199630737
"gbif",145.751767,15.254217,3,"Paracanthurus hepatus",-318,0.0287358202040195,78.480712890625,34.442741394043,28.8253002166748,5.7000001106644e-05,5.78272199630737
"gbif",145.832176,15.268808,23,"Paracanthurus hepatus",-318,0.0287358202040195,78.480712890625,34.442741394043,28.8253002166748,5.7000001106644e-05,5.78272199630737
"gbif",145.832176,15.268808,20,"Paracanthurus hepatus",-318,0.0287358202040195,78.480712890625,34.442741394043,28.8253002166748,5.7000001106644e-05,5.78272199630737
"gbif",145.586716,15.004243,3,"Paracanthurus hepatus",-7,0.0536191090941429,94.5984878540039,34.2960929870605,28.8377666473389,5.50000004295725e-05,7.72808837890625
"gbif",95.259,5.8837,NA,"Paracanthurus hepatus",-60,0.0106624439358711,41.1338691711426,35.0073280334473,29.2765922546387,8.80000006873161e-05,9.50640964508057
"gbif",95.2597,5.8758,NA,"Paracanthurus hepatus",-60,0.0106624439358711,41.1338691711426,35.0073280334473,29.2765922546387,8.80000006873161e-05,9.50640964508057
"gbif",145.676768,18.811222,23,"Paracanthurus hepatus",-596,0.00215346156619489,107.537887573242,34.599983215332,28.4693279266357,5.19999994139653e-05,2.10974526405334
"gbif",145.8153,17.60753,11,"Paracanthurus hepatus",-1055,0.00388707173988223,113.491348266602,34.618278503418,28.6848621368408,4.99999987368938e-05,1.97326266765594
"gbif",153.3926,-29.9331,NA,"Paracanthurus hepatus",-41,0.531189799308777,217.190979003906,35.5721549987793,22.6473865509033,0.000358999997843057,22.8512344360352
"gbif",153.3834,-29.9127,NA,"Paracanthurus hepatus",-37,0.50850236415863,218.086853027344,35.5386123657227,22.4569244384766,0.000295000005280599,22.9910659790039
"gbif",153.2676,-30.2019,NA,"Paracanthurus hepatus",-54,0.532558977603912,214.80403137207,35.5704956054688,22.6649379730225,0.000241000001551583,22.2523441314697
"gbif",153.38342,-29.91274,NA,"Paracanthurus hepatus",-37,0.50850236415863,218.086853027344,35.5386123657227,22.4569244384766,0.000295000005280599,22.9910659790039
"gbif",153.392562,-29.933083,NA,"Paracanthurus hepatus",-41,0.531189799308777,217.190979003906,35.5721549987793,22.6473865509033,0.000358999997843057,22.8512344360352
"gbif",115.5946,-8.2778,NA,"Paracanthurus hepatus",-250,0.0122753232717514,89.3017272949219,34.6296424865723,28.5633068084717,7.40000032237731e-05,4.48020696640015
"gbif",-176.4862,0.197,9,"Paracanthurus hepatus",-1266,0.0107087651267648,138.112365722656,34.6700820922852,27.9900932312012,6.29999994998798e-05,1.52000331878662
"gbif",35.558333,-22.843333,10,"Paracanthurus hepatus",-8,0.554047524929047,214.83203125,35.2624359130859,25.9214344024658,0.00071699998807162,26.2638664245605
"gbif",35.551,-22.835,1,"Paracanthurus hepatus",-8,0.554047524929047,214.83203125,35.2624359130859,25.9214344024658,0.00071699998807162,26.2638664245605
"gbif",47.95,-13.5,2,"Paracanthurus hepatus",-5,0.136975407600403,215.730331420898,34.9970893859863,28.0450534820557,0.00122600002214313,25.4362144470215
"gbif",35.549999,-22.84,NA,"Paracanthurus hepatus",-8,0.554047524929047,214.83203125,35.2624359130859,25.9214344024658,0.00071699998807162,26.2638664245605
"gbif",47.950001,-13.5,NA,"Paracanthurus hepatus",-5,0.136975407600403,215.730331420898,34.9970893859863,28.0450534820557,0.00122600002214313,25.4362144470215
"gbif",153.2664,-30.2017,NA,"Paracanthurus hepatus",-54,0.532558977603912,214.80403137207,35.5704956054688,22.6649379730225,0.000241000001551583,22.2523441314697
"gbif",153.2653,-30.207,NA,"Paracanthurus hepatus",-54,0.532558977603912,214.80403137207,35.5704956054688,22.6649379730225,0.000241000001551583,22.2523441314697
"gbif",153.2648,-30.2043,NA,"Paracanthurus hepatus",-54,0.532558977603912,214.80403137207,35.5704956054688,22.6649379730225,0.000241000001551583,22.2523441314697
"gbif",153.38809,-29.92314,NA,"Paracanthurus hepatus",-41,0.531189799308777,217.190979003906,35.5721549987793,22.6473865509033,0.000358999997843057,22.8512344360352
"gbif",153.26482,-30.20503,NA,"Paracanthurus hepatus",-54,0.532558977603912,214.80403137207,35.5704956054688,22.6649379730225,0.000241000001551583,22.2523441314697
"gbif",153.26635,-30.20167,NA,"Paracanthurus hepatus",-54,0.532558977603912,214.80403137207,35.5704956054688,22.6649379730225,0.000241000001551583,22.2523441314697
"gbif",153.26527,-30.20701,NA,"Paracanthurus hepatus",-54,0.532558977603912,214.80403137207,35.5704956054688,22.6649379730225,0.000241000001551583,22.2523441314697
"gbif",145.451008,-14.651927,NA,"Paracanthurus hepatus",-21,0.121838942170143,210.380065917969,34.9488220214844,26.5167846679688,0.000338000012561679,26.547492980957
"gbif",134.6127,7.366017,NA,"Paracanthurus hepatus",-236,0.0218270178884268,104.685974121094,34.5980186462402,29.2227210998535,0.000745999976061285,2.80707216262817
"gbif",145.78762,15.17602,15,"Paracanthurus hepatus",-176,0.0149083631113172,81.0782318115234,34.5145111083984,28.829496383667,6.39999998384155e-05,4.4376106262207
"gbif",145.79122,15.27353,14,"Paracanthurus hepatus",-318,0.0287358202040195,78.480712890625,34.442741394043,28.8253002166748,5.7000001106644e-05,5.78272199630737
"gbif",145.81808,17.58693,17,"Paracanthurus hepatus",-1055,0.00388707173988223,113.491348266602,34.618278503418,28.6848621368408,4.99999987368938e-05,1.97326266765594
"gbif",55.22,-21.06,18,"Paracanthurus hepatus",-17,0.0349890142679214,194.844772338867,35.5377540588379,26.0160045623779,0.000100999997812323,19.0015392303467
"gbif",55.220001,-21.059999,NA,"Paracanthurus hepatus",-17,0.0349890142679214,194.844772338867,35.5377540588379,26.0160045623779,0.000100999997812323,19.0015392303467
"gbif",105.575523,-10.446286,NA,"Paracanthurus hepatus",-127,0.00345660164020956,95.7022399902344,34.6361656188965,28.0186977386475,7.20000025467016e-05,4.78495645523071
"gbif",55.46472,-21.34908,NA,"Paracanthurus hepatus",-546,0.0024259234778583,152.202209472656,34.5650062561035,25.8593120574951,0.000128999992739409,4.4736795425415
"gbif",-176.48893,0.19085,15,"Paracanthurus hepatus",-1266,0.0107087651267648,138.112365722656,34.6700820922852,27.9900932312012,6.29999994998798e-05,1.52000331878662
"gbif",120.479,14.246,NA,"Paracanthurus hepatus",-314,0.00228576734662056,85.7101364135742,34.4474792480469,28.5197467803955,0.000128999992739409,6.97322416305542
"gbif",120.478996,14.246,NA,"Paracanthurus hepatus",-314,0.00228576734662056,85.7101364135742,34.4474792480469,28.5197467803955,0.000128999992739409,6.97322416305542
"gbif",120.480003,14.25,NA,"Paracanthurus hepatus",-195,0.00283203949220479,82.5918579101562,34.4476280212402,28.570032119751,0.000192000006791204,6.24579811096191
"gbif",32.7,-27.49,NA,"Paracanthurus hepatus",-56,0.257055699825287,199.899154663086,34.952335357666,24.6729164123535,9.89999971352518e-05,9.3887882232666
"gbif",79.808,7.117,NA,"Paracanthurus hepatus",-15,0.0491084791719913,206.247039794922,34.4854927062988,28.3223419189453,0.00124899996444583,27.9920387268066
"gbif",79.807999,7.117,NA,"Paracanthurus hepatus",-15,0.0491084791719913,206.247039794922,34.4854927062988,28.3223419189453,0.00124899996444583,27.9920387268066
"gbif",79.809998,7.12,NA,"Paracanthurus hepatus",-15,0.0491084791719913,206.247039794922,34.4854927062988,28.3223419189453,0.00124899996444583,27.9920387268066
"gbif",160.077767,-8.9457,NA,"Paracanthurus hepatus",-28,0.0512072965502739,183.7734375,35.2253150939941,29.3797168731689,9.7999996796716e-05,27.9252033233643
"gbif",156.98395,-8.179083,NA,"Paracanthurus hepatus",-243,0.00237751915119588,153.933227539062,34.5002784729004,29.4617900848389,0.00337500008754432,4.3712739944458
"gbif",152.419783,-23.8835,NA,"Paracanthurus hepatus",-51,0.0336970537900925,212.976913452148,35.4700241088867,24.4035625457764,9.20000020414591e-05,23.763053894043
"gbif",152.4275,-23.886983,NA,"Paracanthurus hepatus",-51,0.0336970537900925,212.976913452148,35.4700241088867,24.4035625457764,9.20000020414591e-05,23.763053894043
"obis",145.7502239,15.09128264,25.7,"Paracanthurus hepatus",-616,0.00937179010361433,92.6338348388672,34.577320098877,28.8307456970215,5.40000000910368e-05,2.96529221534729
"obis",141.290833,24.7975,NA,"Paracanthurus hepatus",-116,0.0302287600934505,188.40495300293,34.525993347168,26.0089340209961,7.79999973019585e-05,14.8450288772583
"obis",145.5659106,14.84365985,22,"Paracanthurus hepatus",-396,0.016712598502636,79.816032409668,34.4919281005859,28.8681507110596,5.7000001106644e-05,5.30917882919312
"obis",145.5690495,14.84715686,13,"Paracanthurus hepatus",-396,0.016712598502636,79.816032409668,34.4919281005859,28.8681507110596,5.7000001106644e-05,5.30917882919312
"obis",145.65793,15.08659439,20,"Paracanthurus hepatus",-374,0.0263790972530842,78.8712997436523,34.4467277526855,28.8094253540039,6.90000015310943e-05,5.77683639526367
"obis",145.6517232,14.93494389,15,"Paracanthurus hepatus",-51,0.0419261790812016,83.1146545410156,34.299144744873,28.8550987243652,4.99999987368938e-05,6.89590167999268
"obis",-176.4866949,0.1954804,12.5,"Paracanthurus hepatus",-1266,0.0107087651267648,138.112365722656,34.6700820922852,27.9900932312012,6.29999994998798e-05,1.52000331878662
"obis",127.309,-8.418,4.6,"Paracanthurus hepatus",-99,0.034647136926651,110.737747192383,34.568359375,28.4496726989746,0.000163000004249625,6.72552871704102
"obis",145.8297087,15.27518922,21.5,"Paracanthurus hepatus",-318,0.0287358202040195,78.480712890625,34.442741394043,28.8253002166748,5.7000001106644e-05,5.78272199630737
"obis",145.832176,15.26880783,23,"Paracanthurus hepatus",-318,0.0287358202040195,78.480712890625,34.442741394043,28.8253002166748,5.7000001106644e-05,5.78272199630737
"obis",-170.5473913,-14.27903046,13,"Paracanthurus hepatus",-576,0.00690127396956086,143.641693115234,34.6118698120117,28.6872043609619,7.79999973019585e-05,2.24068403244019
"obis",-170.5488229,-14.27857289,9.7,"Paracanthurus hepatus",-576,0.00690127396956086,143.641693115234,34.6118698120117,28.6872043609619,7.79999973019585e-05,2.24068403244019
"obis",145.6561005,15.06957184,12,"Paracanthurus hepatus",-7,0.0536191090941429,94.5984878540039,34.2960929870605,28.8377666473389,5.50000004295725e-05,7.72808837890625
"obis",145.6767676,18.81122164,23,"Paracanthurus hepatus",-596,0.00215346156619489,107.537887573242,34.599983215332,28.4693279266357,5.19999994139653e-05,2.10974526405334
"obis",145.7671863,16.71050205,21,"Paracanthurus hepatus",-709,0.0152535969391465,92.7664031982422,34.5714836120605,28.7913417816162,5.80000014451798e-05,2.91222667694092
"obis",145.6300411,14.93154427,11,"Paracanthurus hepatus",-51,0.0419261790812016,83.1146545410156,34.299144744873,28.8550987243652,4.99999987368938e-05,6.89590167999268
"obis",127.3111083,-8.41564067,2.7,"Paracanthurus hepatus",-170,0.0335608795285225,109.896423339844,34.5691833496094,28.4430255889893,6.90000015310943e-05,6.44606304168701
"obis",145.8319069,15.26883633,19.4,"Paracanthurus hepatus",-318,0.0287358202040195,78.480712890625,34.442741394043,28.8253002166748,5.7000001106644e-05,5.78272199630737
"obis",145.7202338,15.10522527,22,"Paracanthurus hepatus",-56,0.10210495442152,169.726974487305,34.5106735229492,28.828784942627,0.00541300000622869,13.4589519500732
"obis",127.3202945,-8.44650786,10.15,"Paracanthurus hepatus",-99,0.034647136926651,110.737747192383,34.568359375,28.4496726989746,0.000163000004249625,6.72552871704102
"obis",-176.4866443,0.19495561,7,"Paracanthurus hepatus",-1266,0.0107087651267648,138.112365722656,34.6700820922852,27.9900932312012,6.29999994998798e-05,1.52000331878662
"obis",145.8027198,15.28295497,15.4,"Paracanthurus hepatus",-318,0.0287358202040195,78.480712890625,34.442741394043,28.8253002166748,5.7000001106644e-05,5.78272199630737
"obis",-176.48273,0.1882,11,"Paracanthurus hepatus",-1266,0.0107087651267648,138.112365722656,34.6700820922852,27.9900932312012,6.29999994998798e-05,1.52000331878662
"obis",79.80799866,7.117000103,NA,"Paracanthurus hepatus",-15,0.0491084791719913,206.247039794922,34.4854927062988,28.3223419189453,0.00124899996444583,27.9920387268066
"obis",120.4789963,14.24600029,NA,"Paracanthurus hepatus",-314,0.00228576734662056,85.7101364135742,34.4474792480469,28.5197467803955,0.000128999992739409,6.97322416305542
"obis",145.658422,15.07773262,13,"Paracanthurus hepatus",-7,0.0536191090941429,94.5984878540039,34.2960929870605,28.8377666473389,5.50000004295725e-05,7.72808837890625
"obis",145.5800492,14.86491719,20,"Paracanthurus hepatus",-396,0.016712598502636,79.816032409668,34.4919281005859,28.8681507110596,5.7000001106644e-05,5.30917882919312
"obis",145.6742344,15.00330736,21.6,"Paracanthurus hepatus",-485,0.00865565426647663,81.5205993652344,34.5155601501465,28.8352317810059,5.09999990754295e-05,4.4361047744751
"obis",145.8288851,15.26122497,15.6,"Paracanthurus hepatus",-318,0.0287358202040195,78.480712890625,34.442741394043,28.8253002166748,5.7000001106644e-05,5.78272199630737
"obis",-156.4530029,20.9260006,NA,"Paracanthurus hepatus",-74,0.025083115324378,216.05712890625,35.1242370605469,25.1834411621094,0.000174000000697561,20.4823684692383
"obis",145.7234079,15.25597095,12.5,"Paracanthurus hepatus",-488,0.0238305293023586,78.9462203979492,34.441593170166,28.8238410949707,0.000114000002213288,5.32387781143188
"obis",-169.6105979,-14.15186349,18,"Paracanthurus hepatus",-927,0.00633694790303707,146.273498535156,34.635425567627,28.7059020996094,5.90000017837156e-05,1.93169808387756
"obis",-176.4610198,0.18724199,23,"Paracanthurus hepatus",-1266,0.0107087651267648,138.112365722656,34.6700820922852,27.9900932312012,6.29999994998798e-05,1.52000331878662
"obis",145.7851077,15.2698445,21.2,"Paracanthurus hepatus",-318,0.0287358202040195,78.480712890625,34.442741394043,28.8253002166748,5.7000001106644e-05,5.78272199630737
"obis",145.6300411,14.93154427,12,"Paracanthurus hepatus",-51,0.0419261790812016,83.1146545410156,34.299144744873,28.8550987243652,4.99999987368938e-05,6.89590167999268
"obis",-170.6788504,-14.241373,9.4,"Paracanthurus hepatus",-962,0.00462556537240744,145.805450439453,34.6353569030762,28.725923538208,6.09999988228083e-05,1.9252542257309
"obis",127.1033338,-8.36278866,9.75,"Paracanthurus hepatus",-188,0.160933464765549,121.103706359863,34.5413017272949,28.4395389556885,0.000110000000859145,11.5406818389893
"obis",-169.5195418,-14.22406848,9,"Paracanthurus hepatus",-510,0.00494755944237113,140.278533935547,34.5597038269043,28.6998615264893,6.29999994998798e-05,2.96839666366577
"obis",-170.5050989,-14.27325441,22.2,"Paracanthurus hepatus",-576,0.00690127396956086,143.641693115234,34.6118698120117,28.6872043609619,7.79999973019585e-05,2.24068403244019
"obis",145.2608985,14.2014619,11.6,"Paracanthurus hepatus",-567,0.010151470080018,86.7679901123047,34.5619277954102,28.9188213348389,4.99999987368938e-05,3.61934351921082
"obis",118.645837,2.164114,5,"Paracanthurus hepatus",-172,0.484739482402802,139.963500976562,34.4970512390137,29.1501064300537,0.0020000000949949,14.5733909606934
"obis",-176.6267816,0.82246587,15.95,"Paracanthurus hepatus",-1255,0.0118169747292995,142.657028198242,34.670036315918,28.0530223846436,0.00014299999747891,1.44761288166046
"obis",-170.5454785,-14.28520977,9.5,"Paracanthurus hepatus",-576,0.00690127396956086,143.641693115234,34.6118698120117,28.6872043609619,7.79999973019585e-05,2.24068403244019
"obis",145.4091422,19.6758593,12,"Paracanthurus hepatus",-873,0.00580184767022729,113.804733276367,34.613899230957,28.2555351257324,4.99999987368938e-05,1.90208518505096
"obis",145.8006952,15.28129066,11,"Paracanthurus hepatus",-318,0.0287358202040195,78.480712890625,34.442741394043,28.8253002166748,5.7000001106644e-05,5.78272199630737
"obis",145.7517667,15.25421667,3,"Paracanthurus hepatus",-318,0.0287358202040195,78.480712890625,34.442741394043,28.8253002166748,5.7000001106644e-05,5.78272199630737
"obis",145.6194241,14.95246483,27,"Paracanthurus hepatus",-51,0.0419261790812016,83.1146545410156,34.299144744873,28.8550987243652,4.99999987368938e-05,6.89590167999268
"obis",-176.4888638,0.19155691,6.35,"Paracanthurus hepatus",-1266,0.0107087651267648,138.112365722656,34.6700820922852,27.9900932312012,6.29999994998798e-05,1.52000331878662
"obis",144.6438548,13.23037114,11.4,"Paracanthurus hepatus",-1131,0.0016950445715338,106.863349914551,34.610034942627,28.9535846710205,7.30000028852373e-05,2.29246115684509
"obis",145.701895,15.11062891,23,"Paracanthurus hepatus",-56,0.10210495442152,169.726974487305,34.5106735229492,28.828784942627,0.00541300000622869,13.4589519500732
"obis",144.6438548,13.23037114,12,"Paracanthurus hepatus",-1131,0.0016950445715338,106.863349914551,34.610034942627,28.9535846710205,7.30000028852373e-05,2.29246115684509
"obis",145.8319069,15.26883633,20,"Paracanthurus hepatus",-318,0.0287358202040195,78.480712890625,34.442741394043,28.8253002166748,5.7000001106644e-05,5.78272199630737
"obis",178.379,-18.1486,1.8,"Paracanthurus hepatus",-3,0.00424900837242603,193.820388793945,34.6644554138184,27.0986289978027,0.000295000005280599,10.4753980636597
"obis",145.8146288,15.25671409,5.5,"Paracanthurus hepatus",-318,0.0287358202040195,78.480712890625,34.442741394043,28.8253002166748,5.7000001106644e-05,5.78272199630737
"obis",-162.426737,6.38246127,9.6,"Paracanthurus hepatus",-820,0.00229207519441843,97.6992034912109,34.6231498718262,28.0621242523193,0.000411999993957579,2.36200928688049
"obis",145.6962937,15.11636314,7.2,"Paracanthurus hepatus",-56,0.10210495442152,169.726974487305,34.5106735229492,28.828784942627,0.00541300000622869,13.4589519500732
"obis",43.257222,-11.650556,NA,"Paracanthurus hepatus",NA,NA,NA,NA,NA,NA,NA
"obis",-176.6267141,0.82089929,13.5,"Paracanthurus hepatus",-1255,0.0118169747292995,142.657028198242,34.670036315918,28.0530223846436,0.00014299999747891,1.44761288166046
"obis",-176.457306,0.19031019,19.2,"Paracanthurus hepatus",-1266,0.0107087651267648,138.112365722656,34.6700820922852,27.9900932312012,6.29999994998798e-05,1.52000331878662
"obis",127.309,-8.418,5,"Paracanthurus hepatus",-99,0.034647136926651,110.737747192383,34.568359375,28.4496726989746,0.000163000004249625,6.72552871704102
"obis",128.125,-3.78333333333333,5,"Paracanthurus hepatus",-349,0.00173695443663746,91.5847549438477,34.6068916320801,28.3501930236816,0.000113000001874752,2.6996750831604
"obis",145.7935438,15.2756939,20,"Paracanthurus hepatus",-318,0.0287358202040195,78.480712890625,34.442741394043,28.8253002166748,5.7000001106644e-05,5.78272199630737
"obis",-176.4888638,0.19155691,6.85,"Paracanthurus hepatus",-1266,0.0107087651267648,138.112365722656,34.6700820922852,27.9900932312012,6.29999994998798e-05,1.52000331878662
"obis",145.6517232,14.93494389,17.05,"Paracanthurus hepatus",-51,0.0419261790812016,83.1146545410156,34.299144744873,28.8550987243652,4.99999987368938e-05,6.89590167999268
"obis",145.7055241,18.0495721,20,"Paracanthurus hepatus",-540,0.00731240585446358,96.1977005004883,34.5774459838867,28.6049289703369,5.2999999752501e-05,2.55989837646484
"obis",146.291024,-17.183691,NA,"Paracanthurus hepatus",-33,0.124962970614433,212.571411132812,35.1398239135742,26.2847270965576,0.00669200019910932,25.9574928283691
"obis",145.2608985,14.2014619,11.2,"Paracanthurus hepatus",-567,0.010151470080018,86.7679901123047,34.5619277954102,28.9188213348389,4.99999987368938e-05,3.61934351921082
"obis",145.8137212,17.59192429,19.5,"Paracanthurus hepatus",-1055,0.00388707173988223,113.491348266602,34.618278503418,28.6848621368408,4.99999987368938e-05,1.97326266765594
"obis",-176.4888142,0.19074119,10,"Paracanthurus hepatus",-1266,0.0107087651267648,138.112365722656,34.6700820922852,27.9900932312012,6.29999994998798e-05,1.52000331878662
"obis",-162.426737,6.38246127,9.9,"Paracanthurus hepatus",-820,0.00229207519441843,97.6992034912109,34.6231498718262,28.0621242523193,0.000411999993957579,2.36200928688049
"obis",-170.6788504,-14.241373,9.3,"Paracanthurus hepatus",-962,0.00462556537240744,145.805450439453,34.6353569030762,28.725923538208,6.09999988228083e-05,1.9252542257309
"obis",-169.6105979,-14.15186349,17.8,"Paracanthurus hepatus",-927,0.00633694790303707,146.273498535156,34.635425567627,28.7059020996094,5.90000017837156e-05,1.93169808387756
"obis",-176.485,0.1989,12,"Paracanthurus hepatus",-1266,0.0107087651267648,138.112365722656,34.6700820922852,27.9900932312012,6.29999994998798e-05,1.52000331878662
"obis",-176.4610198,0.18724199,21,"Paracanthurus hepatus",-1266,0.0107087651267648,138.112365722656,34.6700820922852,27.9900932312012,6.29999994998798e-05,1.52000331878662
"obis",145.6962937,15.11636314,8.8,"Paracanthurus hepatus",-56,0.10210495442152,169.726974487305,34.5106735229492,28.828784942627,0.00541300000622869,13.4589519500732
"obis",145.811546,18.14965353,21.95,"Paracanthurus hepatus",-178,0.0115123400464654,79.4596481323242,34.4970054626465,28.5930118560791,5.40000000910368e-05,3.84923410415649
"obis",145.8273128,15.27665438,9.6,"Paracanthurus hepatus",-318,0.0287358202040195,78.480712890625,34.442741394043,28.8253002166748,5.7000001106644e-05,5.78272199630737
"obis",145.5972048,15.05560893,21,"Paracanthurus hepatus",-7,0.0536191090941429,94.5984878540039,34.2960929870605,28.8377666473389,5.50000004295725e-05,7.72808837890625
"obis",145.8146288,15.25671409,5.3,"Paracanthurus hepatus",-318,0.0287358202040195,78.480712890625,34.442741394043,28.8253002166748,5.7000001106644e-05,5.78272199630737
"obis",125.219306,-8.60471914,3.1,"Paracanthurus hepatus",-98,0.00859438069164753,89.3364486694336,34.6104469299316,28.4222202301025,0.00081200001295656,2.84326672554016
"obis",145.8273128,15.27665438,9.7,"Paracanthurus hepatus",-318,0.0287358202040195,78.480712890625,34.442741394043,28.8253002166748,5.7000001106644e-05,5.78272199630737
"obis",-176.457306,0.19031019,18.95,"Paracanthurus hepatus",-1266,0.0107087651267648,138.112365722656,34.6700820922852,27.9900932312012,6.29999994998798e-05,1.52000331878662
"obis",145.832176,15.26880783,20,"Paracanthurus hepatus",-318,0.0287358202040195,78.480712890625,34.442741394043,28.8253002166748,5.7000001106644e-05,5.78272199630737
"obis",106.836998,-6.078999996,NA,"Paracanthurus hepatus",-15,0.0182248335331678,204.737228393555,32.5562705993652,29.1153087615967,0.00286099989898503,29.264799118042
"obis",-170.5488229,-14.27857289,8.5,"Paracanthurus hepatus",-576,0.00690127396956086,143.641693115234,34.6118698120117,28.6872043609619,7.79999973019585e-05,2.24068403244019
